"UCP signing key is misconfigured: the stored public JWK contains private key material.","UCP signing key is misconfigured: the stored public JWK contains private key material."
"Agentic Commerce (UCP) Configuration","Agentic Commerce (UCP) Configuration"
"Agentic Commerce (UCP)","Agentic Commerce (UCP)"
"UCP Profile","UCP Profile"
"Enable UCP Profile","Enable UCP Profile"
"Serve /.well-known/ucp, the Universal Commerce Protocol business profile
(UCP 2026-08-25). It declares only the services and capabilities an installed module registers;
with none registered it is valid and declares nothing. Returns 404 when disabled.","Serve /.well-known/ucp, the Universal Commerce Protocol business profile
(UCP 2026-08-25). It declares only the services and capabilities an installed module registers;
with none registered it is valid and declares nothing. Returns 404 when disabled."
"Signing Keys","Signing Keys"
"Generated by ""bin/magento ucp:keygen --website=N"". The private key
is stored encrypted; only the public JWK is served, in the profile's ""keys"".","Generated by ""bin/magento ucp:keygen --website=N"". The private key
is stored encrypted; only the public JWK is served, in the profile's ""keys""."
"Private Key (encrypted)","Private Key (encrypted)"
"Public Key JWK","Public Key JWK"
"Read-only. Populated by the keygen command.","Read-only. Populated by the keygen command."
