"UCP signing key is misconfigured: the stored public JWK contains private key material.","De UCP-ondertekeningssleutel is verkeerd geconfigureerd: de opgeslagen openbare JWK bevat privésleutelmateriaal."
"Agentic Commerce (UCP) Configuration","Configuratie Agentic Commerce (UCP)"
"Agentic Commerce (UCP)","Agentic Commerce (UCP)"
"UCP Profile",UCP-profiel
"Enable UCP Profile","UCP-profiel inschakelen"
"Serve /.well-known/ucp, the Universal Commerce Protocol business profile
(UCP 2026-08-25). It declares only the services and capabilities an installed module registers;
with none registered it is valid and declares nothing. Returns 404 when disabled.","Bied /.well-known/ucp aan, het bedrijfsprofiel van het Universal Commerce Protocol (UCP 2026-08-25). Het vermeldt alleen de diensten en mogelijkheden die een geïnstalleerde module registreert; zonder registraties is het geldig en vermeldt het niets. Geeft 404 als het is uitgeschakeld."
"Signing Keys",Ondertekeningssleutels
"Generated by ""bin/magento ucp:keygen --website=N"". The private key
is stored encrypted; only the public JWK is served, in the profile's ""keys"".","Aangemaakt met ""bin/magento ucp:keygen --website=N"". De privésleutel wordt versleuteld opgeslagen; alleen de openbare JWK wordt aangeboden, in de ""keys"" van het profiel."
"Private Key (encrypted)","Privésleutel (versleuteld)"
"Public Key JWK","Openbare sleutel (JWK)"
"Read-only. Populated by the keygen command.","Alleen-lezen. Wordt ingevuld door de keygen-opdracht."
